<?xml version="1.0" encoding="UTF-8"?>
<schema name="default-config" version="1.6">
  <uniqueKey>id</uniqueKey>
  <fieldType name="string" class="solr.StrField" sortMissingLast="true" docValues="true"/>
  <fieldType name="text" class="solr.TextField">
    <analyzer type="index">
      <tokenizer class="solr.StandardTokenizerFactory"/>
      <filter class="solr.StopFilterFactory" words="stopwords.txt"/>
      <filter class="solr.LowerCaseFilterFactory"/>
      <filter class="solr.PorterStemFilterFactory"/>
      <filter class="solr.NGramFilterFactory" minGramSize="3" maxGramSize="12"/>
    </analyzer>
    <analyzer type="query">
      <tokenizer class="solr.StandardTokenizerFactory"/>
      <filter class="solr.StopFilterFactory" words="stopwords.txt"/>
      <filter class="solr.LowerCaseFilterFactory"/>
      <filter class="solr.PorterStemFilterFactory"/>
    </analyzer>
  </fieldType>
  <fieldType name="text_general" class="solr.TextField" positionIncrementGap="100" multiValued="true">
    <analyzer type="index">
      <tokenizer class="solr.StandardTokenizerFactory"/>
      <filter class="solr.StopFilterFactory" ignoreCase="true" words="stopwords.txt" />
      <!-- in this example, we will only use synonyms at query time
      <filter class="solr.SynonymGraphFilterFactory" synonyms="index_synonyms.txt" ignoreCase="true" expand="false"/>
      <filter class="solr.FlattenGraphFilterFactory"/>
      -->
      <filter class="solr.LowerCaseFilterFactory"/>
    </analyzer>
    <analyzer type="query">
      <tokenizer class="solr.StandardTokenizerFactory"/>
      <filter class="solr.StopFilterFactory" ignoreCase="true" words="stopwords.txt" />
      <filter class="solr.SynonymGraphFilterFactory" synonyms="synonyms.txt" ignoreCase="true" expand="true"/>
      <filter class="solr.LowerCaseFilterFactory"/>
    </analyzer>
  </fieldType>

  <fieldType name="plong" class="solr.LongPointField"/>
  <fieldType name="boolean" class="solr.BoolField" sortMissingLast="true"/>
  <fieldType name="pdate" class="solr.DatePointField"/>
  <fieldType name="pdaterange" class="solr.DateRangeField"/>
  <fieldType name="pdouble" class="solr.DoublePointField"/>

  <field name="text" type="text" indexed="true" stored="false" uninvertible="false" multiValued="true"/>
  <field name="id" type="string" indexed="true" stored="true" uninvertible="false" required="true"/>
  <field name="_version_" type="plong" indexed="true" stored="true"/>

  <dynamicField name="*_t" type="text" indexed="true" stored="true" uninvertible="false" docValues="false"/>
  <dynamicField name="*_n" type="pdouble" indexed="true" stored="true" uninvertible="false" docValues="false"/>
  <dynamicField name="*_d" type="pdaterange" indexed="true" stored="true" uninvertible="false" docValues="false"/>
  <dynamicField name="*_l" type="string" indexed="true" stored="true" uninvertible="false" docValues="false" multiValued="true"/>
  <dynamicField name="*_i" type="string" indexed="true" stored="true" uninvertible="false" docValues="false"/>
  <dynamicField name="*_b" type="boolean" indexed="true" stored="true" uninvertible="false" docValues="false"/>

  <dynamicField name="*_a" type="text" indexed="true" stored="false" uninvertible="false" docValues="false"/>

  <copyField source="*_t" dest="text"/>

  <copyField source="*_t" dest="*_a"/>
  <copyField source="*_n" dest="*_a"/>
</schema>
